Bande1,Bande2,Multiplicateur,Tol√©rance,Valeur
noir,noir,noir,or,0.0
noir,noir,noir,argent,0.0
noir,noir,marron,or,0.0
noir,noir,marron,argent,0.0
noir,noir,rouge,or,0.0
noir,noir,rouge,argent,0.0
noir,noir,orange,or,0.0
noir,noir,orange,argent,0.0
noir,noir,jaune,or,0.0
noir,noir,jaune,argent,0.0
noir,noir,vert,or,0.0
noir,noir,vert,argent,0.0
noir,noir,bleu,or,0.0
noir,noir,bleu,argent,0.0
noir,noir,violet,or,0.0
noir,noir,violet,argent,0.0
noir,noir,or,or,0.0
noir,noir,or,argent,0.0
noir,noir,argent,or,0.0
noir,noir,argent,argent,0.0
noir,marron,noir,or,1.0
noir,marron,noir,argent,1.0
noir,marron,marron,or,10.0
noir,marron,marron,argent,10.0
noir,marron,rouge,or,100.0
noir,marron,rouge,argent,100.0
noir,marron,orange,or,1000.0
noir,marron,orange,argent,1000.0
noir,marron,jaune,or,10000.0
noir,marron,jaune,argent,10000.0
noir,marron,vert,or,100000.0
noir,marron,vert,argent,100000.0
noir,marron,bleu,or,1000000.0
noir,marron,bleu,argent,1000000.0
noir,marron,violet,or,10000000.0
noir,marron,violet,argent,10000000.0
noir,marron,or,or,0.1
noir,marron,or,argent,0.1
noir,marron,argent,or,0.01
noir,marron,argent,argent,0.01
noir,rouge,noir,or,2.0
noir,rouge,noir,argent,2.0
noir,rouge,marron,or,20.0
noir,rouge,marron,argent,20.0
noir,rouge,rouge,or,200.0
noir,rouge,rouge,argent,200.0
noir,rouge,orange,or,2000.0
noir,rouge,orange,argent,2000.0
noir,rouge,jaune,or,20000.0
noir,rouge,jaune,argent,20000.0
noir,rouge,vert,or,200000.0
noir,rouge,vert,argent,200000.0
noir,rouge,bleu,or,2000000.0
noir,rouge,bleu,argent,2000000.0
noir,rouge,violet,or,20000000.0
noir,rouge,violet,argent,20000000.0
noir,rouge,or,or,0.2
noir,rouge,or,argent,0.2
noir,rouge,argent,or,0.02
noir,rouge,argent,argent,0.02
noir,orange,noir,or,3.0
noir,orange,noir,argent,3.0
noir,orange,marron,or,30.0
noir,orange,marron,argent,30.0
noir,orange,rouge,or,300.0
noir,orange,rouge,argent,300.0
noir,orange,orange,or,3000.0
noir,orange,orange,argent,3000.0
noir,orange,jaune,or,30000.0
noir,orange,jaune,argent,30000.0
noir,orange,vert,or,300000.0
noir,orange,vert,argent,300000.0
noir,orange,bleu,or,3000000.0
noir,orange,bleu,argent,3000000.0
noir,orange,violet,or,30000000.0
noir,orange,violet,argent,30000000.0
noir,orange,or,or,0.30000000000000004
noir,orange,or,argent,0.30000000000000004
noir,orange,argent,or,0.03
noir,orange,argent,argent,0.03
noir,jaune,noir,or,4.0
noir,jaune,noir,argent,4.0
noir,jaune,marron,or,40.0
noir,jaune,marron,argent,40.0
noir,jaune,rouge,or,400.0
noir,jaune,rouge,argent,400.0
noir,jaune,orange,or,4000.0
noir,jaune,orange,argent,4000.0
noir,jaune,jaune,or,40000.0
noir,jaune,jaune,argent,40000.0
noir,jaune,vert,or,400000.0
noir,jaune,vert,argent,400000.0
noir,jaune,bleu,or,4000000.0
noir,jaune,bleu,argent,4000000.0
noir,jaune,violet,or,40000000.0
noir,jaune,violet,argent,40000000.0
noir,jaune,or,or,0.4
noir,jaune,or,argent,0.4
noir,jaune,argent,or,0.04
noir,jaune,argent,argent,0.04
noir,vert,noir,or,5.0
noir,vert,noir,argent,5.0
noir,vert,marron,or,50.0
noir,vert,marron,argent,50.0
noir,vert,rouge,or,500.0
noir,vert,rouge,argent,500.0
noir,vert,orange,or,5000.0
noir,vert,orange,argent,5000.0
noir,vert,jaune,or,50000.0
noir,vert,jaune,argent,50000.0
noir,vert,vert,or,500000.0
noir,vert,vert,argent,500000.0
noir,vert,bleu,or,5000000.0
noir,vert,bleu,argent,5000000.0
noir,vert,violet,or,50000000.0
noir,vert,violet,argent,50000000.0
noir,vert,or,or,0.5
noir,vert,or,argent,0.5
noir,vert,argent,or,0.05
noir,vert,argent,argent,0.05
noir,bleu,noir,or,6.0
noir,bleu,noir,argent,6.0
noir,bleu,marron,or,60.0
noir,bleu,marron,argent,60.0
noir,bleu,rouge,or,600.0
noir,bleu,rouge,argent,600.0
noir,bleu,orange,or,6000.0
noir,bleu,orange,argent,6000.0
noir,bleu,jaune,or,60000.0
noir,bleu,jaune,argent,60000.0
noir,bleu,vert,or,600000.0
noir,bleu,vert,argent,600000.0
noir,bleu,bleu,or,6000000.0
noir,bleu,bleu,argent,6000000.0
noir,bleu,violet,or,60000000.0
noir,bleu,violet,argent,60000000.0
noir,bleu,or,or,0.6000000000000001
noir,bleu,or,argent,0.6000000000000001
noir,bleu,argent,or,0.06
noir,bleu,argent,argent,0.06
noir,violet,noir,or,7.0
noir,violet,noir,argent,7.0
noir,violet,marron,or,70.0
noir,violet,marron,argent,70.0
noir,violet,rouge,or,700.0
noir,violet,rouge,argent,700.0
noir,violet,orange,or,7000.0
noir,violet,orange,argent,7000.0
noir,violet,jaune,or,70000.0
noir,violet,jaune,argent,70000.0
noir,violet,vert,or,700000.0
noir,violet,vert,argent,700000.0
noir,violet,bleu,or,7000000.0
noir,violet,bleu,argent,7000000.0
noir,violet,violet,or,70000000.0
noir,violet,violet,argent,70000000.0
noir,violet,or,or,0.7000000000000001
noir,violet,or,argent,0.7000000000000001
noir,violet,argent,or,0.07
noir,violet,argent,argent,0.07
noir,gris,noir,or,8.0
noir,gris,noir,argent,8.0
noir,gris,marron,or,80.0
noir,gris,marron,argent,80.0
noir,gris,rouge,or,800.0
noir,gris,rouge,argent,800.0
noir,gris,orange,or,8000.0
noir,gris,orange,argent,8000.0
noir,gris,jaune,or,80000.0
noir,gris,jaune,argent,80000.0
noir,gris,vert,or,800000.0
noir,gris,vert,argent,800000.0
noir,gris,bleu,or,8000000.0
noir,gris,bleu,argent,8000000.0
noir,gris,violet,or,80000000.0
noir,gris,violet,argent,80000000.0
noir,gris,or,or,0.8
noir,gris,or,argent,0.8
noir,gris,argent,or,0.08
noir,gris,argent,argent,0.08
noir,blanc,noir,or,9.0
noir,blanc,noir,argent,9.0
noir,blanc,marron,or,90.0
noir,blanc,marron,argent,90.0
noir,blanc,rouge,or,900.0
noir,blanc,rouge,argent,900.0
noir,blanc,orange,or,9000.0
noir,blanc,orange,argent,9000.0
noir,blanc,jaune,or,90000.0
noir,blanc,jaune,argent,90000.0
noir,blanc,vert,or,900000.0
noir,blanc,vert,argent,900000.0
noir,blanc,bleu,or,9000000.0
noir,blanc,bleu,argent,9000000.0
noir,blanc,violet,or,90000000.0
noir,blanc,violet,argent,90000000.0
noir,blanc,or,or,0.9
noir,blanc,or,argent,0.9
noir,blanc,argent,or,0.09
noir,blanc,argent,argent,0.09
marron,noir,noir,or,10.0
marron,noir,noir,argent,10.0
marron,noir,marron,or,100.0
marron,noir,marron,argent,100.0
marron,noir,rouge,or,1000.0
marron,noir,rouge,argent,1000.0
marron,noir,orange,or,10000.0
marron,noir,orange,argent,10000.0
marron,noir,jaune,or,100000.0
marron,noir,jaune,argent,100000.0
marron,noir,vert,or,1000000.0
marron,noir,vert,argent,1000000.0
marron,noir,bleu,or,10000000.0
marron,noir,bleu,argent,10000000.0
marron,noir,violet,or,100000000.0
marron,noir,violet,argent,100000000.0
marron,noir,or,or,1.0
marron,noir,or,argent,1.0
marron,noir,argent,or,0.1
marron,noir,argent,argent,0.1
marron,marron,noir,or,11.0
marron,marron,noir,argent,11.0
marron,marron,marron,or,110.0
marron,marron,marron,argent,110.0
marron,marron,rouge,or,1100.0
marron,marron,rouge,argent,1100.0
marron,marron,orange,or,11000.0
marron,marron,orange,argent,11000.0
marron,marron,jaune,or,110000.0
marron,marron,jaune,argent,110000.0
marron,marron,vert,or,1100000.0
marron,marron,vert,argent,1100000.0
marron,marron,bleu,or,11000000.0
marron,marron,bleu,argent,11000000.0
marron,marron,violet,or,110000000.0
marron,marron,violet,argent,110000000.0
marron,marron,or,or,1.1
marron,marron,or,argent,1.1
marron,marron,argent,or,0.11
marron,marron,argent,argent,0.11
marron,rouge,noir,or,12.0
marron,rouge,noir,argent,12.0
marron,rouge,marron,or,120.0
marron,rouge,marron,argent,120.0
marron,rouge,rouge,or,1200.0
marron,rouge,rouge,argent,1200.0
marron,rouge,orange,or,12000.0
marron,rouge,orange,argent,12000.0
marron,rouge,jaune,or,120000.0
marron,rouge,jaune,argent,120000.0
marron,rouge,vert,or,1200000.0
marron,rouge,vert,argent,1200000.0
marron,rouge,bleu,or,12000000.0
marron,rouge,bleu,argent,12000000.0
marron,rouge,violet,or,120000000.0
marron,rouge,violet,argent,120000000.0
marron,rouge,or,or,1.2000000000000002
marron,rouge,or,argent,1.2000000000000002
marron,rouge,argent,or,0.12
marron,rouge,argent,argent,0.12
marron,orange,noir,or,13.0
marron,orange,noir,argent,13.0
marron,orange,marron,or,130.0
marron,orange,marron,argent,130.0
marron,orange,rouge,or,1300.0
marron,orange,rouge,argent,1300.0
marron,orange,orange,or,13000.0
marron,orange,orange,argent,13000.0
marron,orange,jaune,or,130000.0
marron,orange,jaune,argent,130000.0
marron,orange,vert,or,1300000.0
marron,orange,vert,argent,1300000.0
marron,orange,bleu,or,13000000.0
marron,orange,bleu,argent,13000000.0
marron,orange,violet,or,130000000.0
marron,orange,violet,argent,130000000.0
marron,orange,or,or,1.3
marron,orange,or,argent,1.3
marron,orange,argent,or,0.13
marron,orange,argent,argent,0.13
marron,jaune,noir,or,14.0
marron,jaune,noir,argent,14.0
marron,jaune,marron,or,140.0
marron,jaune,marron,argent,140.0
marron,jaune,rouge,or,1400.0
marron,jaune,rouge,argent,1400.0
marron,jaune,orange,or,14000.0
marron,jaune,orange,argent,14000.0
marron,jaune,jaune,or,140000.0
marron,jaune,jaune,argent,140000.0
marron,jaune,vert,or,1400000.0
marron,jaune,vert,argent,1400000.0
marron,jaune,bleu,or,14000000.0
marron,jaune,bleu,argent,14000000.0
marron,jaune,violet,or,140000000.0
marron,jaune,violet,argent,140000000.0
marron,jaune,or,or,1.4000000000000001
marron,jaune,or,argent,1.4000000000000001
marron,jaune,argent,or,0.14
marron,jaune,argent,argent,0.14
marron,vert,noir,or,15.0
marron,vert,noir,argent,15.0
marron,vert,marron,or,150.0
marron,vert,marron,argent,150.0
marron,vert,rouge,or,1500.0
marron,vert,rouge,argent,1500.0
marron,vert,orange,or,15000.0
marron,vert,orange,argent,15000.0
marron,vert,jaune,or,150000.0
marron,vert,jaune,argent,150000.0
marron,vert,vert,or,1500000.0
marron,vert,vert,argent,1500000.0
marron,vert,bleu,or,15000000.0
marron,vert,bleu,argent,15000000.0
marron,vert,violet,or,150000000.0
marron,vert,violet,argent,150000000.0
marron,vert,or,or,1.5
marron,vert,or,argent,1.5
marron,vert,argent,or,0.15
marron,vert,argent,argent,0.15
marron,bleu,noir,or,16.0
marron,bleu,noir,argent,16.0
marron,bleu,marron,or,160.0
marron,bleu,marron,argent,160.0
marron,bleu,rouge,or,1600.0
marron,bleu,rouge,argent,1600.0
marron,bleu,orange,or,16000.0
marron,bleu,orange,argent,16000.0
marron,bleu,jaune,or,160000.0
marron,bleu,jaune,argent,160000.0
marron,bleu,vert,or,1600000.0
marron,bleu,vert,argent,1600000.0
marron,bleu,bleu,or,16000000.0
marron,bleu,bleu,argent,16000000.0
marron,bleu,violet,or,160000000.0
marron,bleu,violet,argent,160000000.0
marron,bleu,or,or,1.6
marron,bleu,or,argent,1.6
marron,bleu,argent,or,0.16
marron,bleu,argent,argent,0.16
marron,violet,noir,or,17.0
marron,violet,noir,argent,17.0
marron,violet,marron,or,170.0
marron,violet,marron,argent,170.0
marron,violet,rouge,or,1700.0
marron,violet,rouge,argent,1700.0
marron,violet,orange,or,17000.0
marron,violet,orange,argent,17000.0
marron,violet,jaune,or,170000.0
marron,violet,jaune,argent,170000.0
marron,violet,vert,or,1700000.0
marron,violet,vert,argent,1700000.0
marron,violet,bleu,or,17000000.0
marron,violet,bleu,argent,17000000.0
marron,violet,violet,or,170000000.0
marron,violet,violet,argent,170000000.0
marron,violet,or,or,1.7000000000000002
marron,violet,or,argent,1.7000000000000002
marron,violet,argent,or,0.17
marron,violet,argent,argent,0.17
marron,gris,noir,or,18.0
marron,gris,noir,argent,18.0
marron,gris,marron,or,180.0
marron,gris,marron,argent,180.0
marron,gris,rouge,or,1800.0
marron,gris,rouge,argent,1800.0
marron,gris,orange,or,18000.0
marron,gris,orange,argent,18000.0
marron,gris,jaune,or,180000.0
marron,gris,jaune,argent,180000.0
marron,gris,vert,or,1800000.0
marron,gris,vert,argent,1800000.0
marron,gris,bleu,or,18000000.0
marron,gris,bleu,argent,18000000.0
marron,gris,violet,or,180000000.0
marron,gris,violet,argent,180000000.0
marron,gris,or,or,1.8
marron,gris,or,argent,1.8
marron,gris,argent,or,0.18
marron,gris,argent,argent,0.18
marron,blanc,noir,or,19.0
marron,blanc,noir,argent,19.0
marron,blanc,marron,or,190.0
marron,blanc,marron,argent,190.0
marron,blanc,rouge,or,1900.0
marron,blanc,rouge,argent,1900.0
marron,blanc,orange,or,19000.0
marron,blanc,orange,argent,19000.0
marron,blanc,jaune,or,190000.0
marron,blanc,jaune,argent,190000.0
marron,blanc,vert,or,1900000.0
marron,blanc,vert,argent,1900000.0
marron,blanc,bleu,or,19000000.0
marron,blanc,bleu,argent,19000000.0
marron,blanc,violet,or,190000000.0
marron,blanc,violet,argent,190000000.0
marron,blanc,or,or,1.9000000000000001
marron,blanc,or,argent,1.9000000000000001
marron,blanc,argent,or,0.19
marron,blanc,argent,argent,0.19
rouge,noir,noir,or,20.0
rouge,noir,noir,argent,20.0
rouge,noir,marron,or,200.0
rouge,noir,marron,argent,200.0
rouge,noir,rouge,or,2000.0
rouge,noir,rouge,argent,2000.0
rouge,noir,orange,or,20000.0
rouge,noir,orange,argent,20000.0
rouge,noir,jaune,or,200000.0
rouge,noir,jaune,argent,200000.0
rouge,noir,vert,or,2000000.0
rouge,noir,vert,argent,2000000.0
rouge,noir,bleu,or,20000000.0
rouge,noir,bleu,argent,20000000.0
rouge,noir,violet,or,200000000.0
rouge,noir,violet,argent,200000000.0
rouge,noir,or,or,2.0
rouge,noir,or,argent,2.0
rouge,noir,argent,or,0.2
rouge,noir,argent,argent,0.2
rouge,marron,noir,or,21.0
rouge,marron,noir,argent,21.0
rouge,marron,marron,or,210.0
rouge,marron,marron,argent,210.0
rouge,marron,rouge,or,2100.0
rouge,marron,rouge,argent,2100.0
rouge,marron,orange,or,21000.0
rouge,marron,orange,argent,21000.0
rouge,marron,jaune,or,210000.0
rouge,marron,jaune,argent,210000.0
rouge,marron,vert,or,2100000.0
rouge,marron,vert,argent,2100000.0
rouge,marron,bleu,or,21000000.0
rouge,marron,bleu,argent,21000000.0
rouge,marron,violet,or,210000000.0
rouge,marron,violet,argent,210000000.0
rouge,marron,or,or,2.1
rouge,marron,or,argent,2.1
rouge,marron,argent,or,0.21
rouge,marron,argent,argent,0.21
rouge,rouge,noir,or,22.0
rouge,rouge,noir,argent,22.0
rouge,rouge,marron,or,220.0
rouge,rouge,marron,argent,220.0
rouge,rouge,rouge,or,2200.0
rouge,rouge,rouge,argent,2200.0
rouge,rouge,orange,or,22000.0
rouge,rouge,orange,argent,22000.0
rouge,rouge,jaune,or,220000.0
rouge,rouge,jaune,argent,220000.0
rouge,rouge,vert,or,2200000.0
rouge,rouge,vert,argent,2200000.0
rouge,rouge,bleu,or,22000000.0
rouge,rouge,bleu,argent,22000000.0
rouge,rouge,violet,or,220000000.0
rouge,rouge,violet,argent,220000000.0
rouge,rouge,or,or,2.2
rouge,rouge,or,argent,2.2
rouge,rouge,argent,or,0.22
rouge,rouge,argent,argent,0.22
rouge,orange,noir,or,23.0
rouge,orange,noir,argent,23.0
rouge,orange,marron,or,230.0
rouge,orange,marron,argent,230.0
rouge,orange,rouge,or,2300.0
rouge,orange,rouge,argent,2300.0
rouge,orange,orange,or,23000.0
rouge,orange,orange,argent,23000.0
rouge,orange,jaune,or,230000.0
rouge,orange,jaune,argent,230000.0
rouge,orange,vert,or,2300000.0
rouge,orange,vert,argent,2300000.0
rouge,orange,bleu,or,23000000.0
rouge,orange,bleu,argent,23000000.0
rouge,orange,violet,or,230000000.0
rouge,orange,violet,argent,230000000.0
rouge,orange,or,or,2.3000000000000003
rouge,orange,or,argent,2.3000000000000003
rouge,orange,argent,or,0.23
rouge,orange,argent,argent,0.23
rouge,jaune,noir,or,24.0
rouge,jaune,noir,argent,24.0
rouge,jaune,marron,or,240.0
rouge,jaune,marron,argent,240.0
rouge,jaune,rouge,or,2400.0
rouge,jaune,rouge,argent,2400.0
rouge,jaune,orange,or,24000.0
rouge,jaune,orange,argent,24000.0
rouge,jaune,jaune,or,240000.0
rouge,jaune,jaune,argent,240000.0
rouge,jaune,vert,or,2400000.0
rouge,jaune,vert,argent,2400000.0
rouge,jaune,bleu,or,24000000.0
rouge,jaune,bleu,argent,24000000.0
rouge,jaune,violet,or,240000000.0
rouge,jaune,violet,argent,240000000.0
rouge,jaune,or,or,2.4000000000000004
rouge,jaune,or,argent,2.4000000000000004
rouge,jaune,argent,or,0.24
rouge,jaune,argent,argent,0.24
rouge,vert,noir,or,25.0
rouge,vert,noir,argent,25.0
rouge,vert,marron,or,250.0
rouge,vert,marron,argent,250.0
rouge,vert,rouge,or,2500.0
rouge,vert,rouge,argent,2500.0
rouge,vert,orange,or,25000.0
rouge,vert,orange,argent,25000.0
rouge,vert,jaune,or,250000.0
rouge,vert,jaune,argent,250000.0
rouge,vert,vert,or,2500000.0
rouge,vert,vert,argent,2500000.0
rouge,vert,bleu,or,25000000.0
rouge,vert,bleu,argent,25000000.0
rouge,vert,violet,or,250000000.0
rouge,vert,violet,argent,250000000.0
rouge,vert,or,or,2.5
rouge,vert,or,argent,2.5
rouge,vert,argent,or,0.25
rouge,vert,argent,argent,0.25
rouge,bleu,noir,or,26.0
rouge,bleu,noir,argent,26.0
rouge,bleu,marron,or,260.0
rouge,bleu,marron,argent,260.0
rouge,bleu,rouge,or,2600.0
rouge,bleu,rouge,argent,2600.0
rouge,bleu,orange,or,26000.0
rouge,bleu,orange,argent,26000.0
rouge,bleu,jaune,or,260000.0
rouge,bleu,jaune,argent,260000.0
rouge,bleu,vert,or,2600000.0
rouge,bleu,vert,argent,2600000.0
rouge,bleu,bleu,or,26000000.0
rouge,bleu,bleu,argent,26000000.0
rouge,bleu,violet,or,260000000.0
rouge,bleu,violet,argent,260000000.0
rouge,bleu,or,or,2.6
rouge,bleu,or,argent,2.6
rouge,bleu,argent,or,0.26
rouge,bleu,argent,argent,0.26
rouge,violet,noir,or,27.0
rouge,violet,noir,argent,27.0
rouge,violet,marron,or,270.0
rouge,violet,marron,argent,270.0
rouge,violet,rouge,or,2700.0
rouge,violet,rouge,argent,2700.0
rouge,violet,orange,or,27000.0
rouge,violet,orange,argent,27000.0
rouge,violet,jaune,or,270000.0
rouge,violet,jaune,argent,270000.0
rouge,violet,vert,or,2700000.0
rouge,violet,vert,argent,2700000.0
rouge,violet,bleu,or,27000000.0
rouge,violet,bleu,argent,27000000.0
rouge,violet,violet,or,270000000.0
rouge,violet,violet,argent,270000000.0
rouge,violet,or,or,2.7
rouge,violet,or,argent,2.7
rouge,violet,argent,or,0.27
rouge,violet,argent,argent,0.27
rouge,gris,noir,or,28.0
rouge,gris,noir,argent,28.0
rouge,gris,marron,or,280.0
rouge,gris,marron,argent,280.0
rouge,gris,rouge,or,2800.0
rouge,gris,rouge,argent,2800.0
rouge,gris,orange,or,28000.0
rouge,gris,orange,argent,28000.0
rouge,gris,jaune,or,280000.0
rouge,gris,jaune,argent,280000.0
rouge,gris,vert,or,2800000.0
rouge,gris,vert,argent,2800000.0
rouge,gris,bleu,or,28000000.0
rouge,gris,bleu,argent,28000000.0
rouge,gris,violet,or,280000000.0
rouge,gris,violet,argent,280000000.0
rouge,gris,or,or,2.8000000000000003
rouge,gris,or,argent,2.8000000000000003
rouge,gris,argent,or,0.28
rouge,gris,argent,argent,0.28
rouge,blanc,noir,or,29.0
rouge,blanc,noir,argent,29.0
rouge,blanc,marron,or,290.0
rouge,blanc,marron,argent,290.0
rouge,blanc,rouge,or,2900.0
rouge,blanc,rouge,argent,2900.0
rouge,blanc,orange,or,29000.0
rouge,blanc,orange,argent,29000.0
rouge,blanc,jaune,or,290000.0
rouge,blanc,jaune,argent,290000.0
rouge,blanc,vert,or,2900000.0
rouge,blanc,vert,argent,2900000.0
rouge,blanc,bleu,or,29000000.0
rouge,blanc,bleu,argent,29000000.0
rouge,blanc,violet,or,290000000.0
rouge,blanc,violet,argent,290000000.0
rouge,blanc,or,or,2.9000000000000004
rouge,blanc,or,argent,2.9000000000000004
rouge,blanc,argent,or,0.29
rouge,blanc,argent,argent,0.29
orange,noir,noir,or,30.0
orange,noir,noir,argent,30.0
orange,noir,marron,or,300.0
orange,noir,marron,argent,300.0
orange,noir,rouge,or,3000.0
orange,noir,rouge,argent,3000.0
orange,noir,orange,or,30000.0
orange,noir,orange,argent,30000.0
orange,noir,jaune,or,300000.0
orange,noir,jaune,argent,300000.0
orange,noir,vert,or,3000000.0
orange,noir,vert,argent,3000000.0
orange,noir,bleu,or,30000000.0
orange,noir,bleu,argent,30000000.0
orange,noir,violet,or,300000000.0
orange,noir,violet,argent,300000000.0
orange,noir,or,or,3.0
orange,noir,or,argent,3.0
orange,noir,argent,or,0.3
orange,noir,argent,argent,0.3
orange,marron,noir,or,31.0
orange,marron,noir,argent,31.0
orange,marron,marron,or,310.0
orange,marron,marron,argent,310.0
orange,marron,rouge,or,3100.0
orange,marron,rouge,argent,3100.0
orange,marron,orange,or,31000.0
orange,marron,orange,argent,31000.0
orange,marron,jaune,or,310000.0
orange,marron,jaune,argent,310000.0
orange,marron,vert,or,3100000.0
orange,marron,vert,argent,3100000.0
orange,marron,bleu,or,31000000.0
orange,marron,bleu,argent,31000000.0
orange,marron,violet,or,310000000.0
orange,marron,violet,argent,310000000.0
orange,marron,or,or,3.1
orange,marron,or,argent,3.1
orange,marron,argent,or,0.31
orange,marron,argent,argent,0.31
orange,rouge,noir,or,32.0
orange,rouge,noir,argent,32.0
orange,rouge,marron,or,320.0
orange,rouge,marron,argent,320.0
orange,rouge,rouge,or,3200.0
orange,rouge,rouge,argent,3200.0
orange,rouge,orange,or,32000.0
orange,rouge,orange,argent,32000.0
orange,rouge,jaune,or,320000.0
orange,rouge,jaune,argent,320000.0
orange,rouge,vert,or,3200000.0
orange,rouge,vert,argent,3200000.0
orange,rouge,bleu,or,32000000.0
orange,rouge,bleu,argent,32000000.0
orange,rouge,violet,or,320000000.0
orange,rouge,violet,argent,320000000.0
orange,rouge,or,or,3.2
orange,rouge,or,argent,3.2
orange,rouge,argent,or,0.32
orange,rouge,argent,argent,0.32
orange,orange,noir,or,33.0
orange,orange,noir,argent,33.0
orange,orange,marron,or,330.0
orange,orange,marron,argent,330.0
orange,orange,rouge,or,3300.0
orange,orange,rouge,argent,3300.0
orange,orange,orange,or,33000.0
orange,orange,orange,argent,33000.0
orange,orange,jaune,or,330000.0
orange,orange,jaune,argent,330000.0
orange,orange,vert,or,3300000.0
orange,orange,vert,argent,3300000.0
orange,orange,bleu,or,33000000.0
orange,orange,bleu,argent,33000000.0
orange,orange,violet,or,330000000.0
orange,orange,violet,argent,330000000.0
orange,orange,or,or,3.3000000000000003
orange,orange,or,argent,3.3000000000000003
orange,orange,argent,or,0.33
orange,orange,argent,argent,0.33
orange,jaune,noir,or,34.0
orange,jaune,noir,argent,34.0
orange,jaune,marron,or,340.0
orange,jaune,marron,argent,340.0
orange,jaune,rouge,or,3400.0
orange,jaune,rouge,argent,3400.0
orange,jaune,orange,or,34000.0
orange,jaune,orange,argent,34000.0
orange,jaune,jaune,or,340000.0
orange,jaune,jaune,argent,340000.0
orange,jaune,vert,or,3400000.0
orange,jaune,vert,argent,3400000.0
orange,jaune,bleu,or,34000000.0
orange,jaune,bleu,argent,34000000.0
orange,jaune,violet,or,340000000.0
orange,jaune,violet,argent,340000000.0
orange,jaune,or,or,3.4000000000000004
orange,jaune,or,argent,3.4000000000000004
orange,jaune,argent,or,0.34
orange,jaune,argent,argent,0.34
orange,vert,noir,or,35.0
orange,vert,noir,argent,35.0
orange,vert,marron,or,350.0
orange,vert,marron,argent,350.0
orange,vert,rouge,or,3500.0
orange,vert,rouge,argent,3500.0
orange,vert,orange,or,35000.0
orange,vert,orange,argent,35000.0
orange,vert,jaune,or,350000.0
orange,vert,jaune,argent,350000.0
orange,vert,vert,or,3500000.0
orange,vert,vert,argent,3500000.0
orange,vert,bleu,or,35000000.0
orange,vert,bleu,argent,35000000.0
orange,vert,violet,or,350000000.0
orange,vert,violet,argent,350000000.0
orange,vert,or,or,3.5
orange,vert,or,argent,3.5
orange,vert,argent,or,0.35000000000000003
orange,vert,argent,argent,0.35000000000000003
orange,bleu,noir,or,36.0
orange,bleu,noir,argent,36.0
orange,bleu,marron,or,360.0
orange,bleu,marron,argent,360.0
orange,bleu,rouge,or,3600.0
orange,bleu,rouge,argent,3600.0
orange,bleu,orange,or,36000.0
orange,bleu,orange,argent,36000.0
orange,bleu,jaune,or,360000.0
orange,bleu,jaune,argent,360000.0
orange,bleu,vert,or,3600000.0
orange,bleu,vert,argent,3600000.0
orange,bleu,bleu,or,36000000.0
orange,bleu,bleu,argent,36000000.0
orange,bleu,violet,or,360000000.0
orange,bleu,violet,argent,360000000.0
orange,bleu,or,or,3.6
orange,bleu,or,argent,3.6
orange,bleu,argent,or,0.36
orange,bleu,argent,argent,0.36
orange,violet,noir,or,37.0
orange,violet,noir,argent,37.0
orange,violet,marron,or,370.0
orange,violet,marron,argent,370.0
orange,violet,rouge,or,3700.0
orange,violet,rouge,argent,3700.0
orange,violet,orange,or,37000.0
orange,violet,orange,argent,37000.0
orange,violet,jaune,or,370000.0
orange,violet,jaune,argent,370000.0
orange,violet,vert,or,3700000.0
orange,violet,vert,argent,3700000.0
orange,violet,bleu,or,37000000.0
orange,violet,bleu,argent,37000000.0
orange,violet,violet,or,370000000.0
orange,violet,violet,argent,370000000.0
orange,violet,or,or,3.7
orange,violet,or,argent,3.7
orange,violet,argent,or,0.37
orange,violet,argent,argent,0.37
orange,gris,noir,or,38.0
orange,gris,noir,argent,38.0
orange,gris,marron,or,380.0
orange,gris,marron,argent,380.0
orange,gris,rouge,or,3800.0
orange,gris,rouge,argent,3800.0
orange,gris,orange,or,38000.0
orange,gris,orange,argent,38000.0
orange,gris,jaune,or,380000.0
orange,gris,jaune,argent,380000.0
orange,gris,vert,or,3800000.0
orange,gris,vert,argent,3800000.0
orange,gris,bleu,or,38000000.0
orange,gris,bleu,argent,38000000.0
orange,gris,violet,or,380000000.0
orange,gris,violet,argent,380000000.0
orange,gris,or,or,3.8000000000000003
orange,gris,or,argent,3.8000000000000003
orange,gris,argent,or,0.38
orange,gris,argent,argent,0.38
orange,blanc,noir,or,39.0
orange,blanc,noir,argent,39.0
orange,blanc,marron,or,390.0
orange,blanc,marron,argent,390.0
orange,blanc,rouge,or,3900.0
orange,blanc,rouge,argent,3900.0
orange,blanc,orange,or,39000.0
orange,blanc,orange,argent,39000.0
orange,blanc,jaune,or,390000.0
orange,blanc,jaune,argent,390000.0
orange,blanc,vert,or,3900000.0
orange,blanc,vert,argent,3900000.0
orange,blanc,bleu,or,39000000.0
orange,blanc,bleu,argent,39000000.0
orange,blanc,violet,or,390000000.0
orange,blanc,violet,argent,390000000.0
orange,blanc,or,or,3.9000000000000004
orange,blanc,or,argent,3.9000000000000004
orange,blanc,argent,or,0.39
orange,blanc,argent,argent,0.39
jaune,noir,noir,or,40.0
jaune,noir,noir,argent,40.0
jaune,noir,marron,or,400.0
jaune,noir,marron,argent,400.0
jaune,noir,rouge,or,4000.0
jaune,noir,rouge,argent,4000.0
jaune,noir,orange,or,40000.0
jaune,noir,orange,argent,40000.0
jaune,noir,jaune,or,400000.0
jaune,noir,jaune,argent,400000.0
jaune,noir,vert,or,4000000.0
jaune,noir,vert,argent,4000000.0
jaune,noir,bleu,or,40000000.0
jaune,noir,bleu,argent,40000000.0
jaune,noir,violet,or,400000000.0
jaune,noir,violet,argent,400000000.0
jaune,noir,or,or,4.0
jaune,noir,or,argent,4.0
jaune,noir,argent,or,0.4
jaune,noir,argent,argent,0.4
jaune,marron,noir,or,41.0
jaune,marron,noir,argent,41.0
jaune,marron,marron,or,410.0
jaune,marron,marron,argent,410.0
jaune,marron,rouge,or,4100.0
jaune,marron,rouge,argent,4100.0
jaune,marron,orange,or,41000.0
jaune,marron,orange,argent,41000.0
jaune,marron,jaune,or,410000.0
jaune,marron,jaune,argent,410000.0
jaune,marron,vert,or,4100000.0
jaune,marron,vert,argent,4100000.0
jaune,marron,bleu,or,41000000.0
jaune,marron,bleu,argent,41000000.0
jaune,marron,violet,or,410000000.0
jaune,marron,violet,argent,410000000.0
jaune,marron,or,or,4.1000000000000005
jaune,marron,or,argent,4.1000000000000005
jaune,marron,argent,or,0.41000000000000003
jaune,marron,argent,argent,0.41000000000000003
jaune,rouge,noir,or,42.0
jaune,rouge,noir,argent,42.0
jaune,rouge,marron,or,420.0
jaune,rouge,marron,argent,420.0
jaune,rouge,rouge,or,4200.0
jaune,rouge,rouge,argent,4200.0
jaune,rouge,orange,or,42000.0
jaune,rouge,orange,argent,42000.0
jaune,rouge,jaune,or,420000.0
jaune,rouge,jaune,argent,420000.0
jaune,rouge,vert,or,4200000.0
jaune,rouge,vert,argent,4200000.0
jaune,rouge,bleu,or,42000000.0
jaune,rouge,bleu,argent,42000000.0
jaune,rouge,violet,or,420000000.0
jaune,rouge,violet,argent,420000000.0
jaune,rouge,or,or,4.2
jaune,rouge,or,argent,4.2
jaune,rouge,argent,or,0.42
jaune,rouge,argent,argent,0.42
jaune,orange,noir,or,43.0
jaune,orange,noir,argent,43.0
jaune,orange,marron,or,430.0
jaune,orange,marron,argent,430.0
jaune,orange,rouge,or,4300.0
jaune,orange,rouge,argent,4300.0
jaune,orange,orange,or,43000.0
jaune,orange,orange,argent,43000.0
jaune,orange,jaune,or,430000.0
jaune,orange,jaune,argent,430000.0
jaune,orange,vert,or,4300000.0
jaune,orange,vert,argent,4300000.0
jaune,orange,bleu,or,43000000.0
jaune,orange,bleu,argent,43000000.0
jaune,orange,violet,or,430000000.0
jaune,orange,violet,argent,430000000.0
jaune,orange,or,or,4.3
jaune,orange,or,argent,4.3
jaune,orange,argent,or,0.43
jaune,orange,argent,argent,0.43
jaune,jaune,noir,or,44.0
jaune,jaune,noir,argent,44.0
jaune,jaune,marron,or,440.0
jaune,jaune,marron,argent,440.0
jaune,jaune,rouge,or,4400.0
jaune,jaune,rouge,argent,4400.0
jaune,jaune,orange,or,44000.0
jaune,jaune,orange,argent,44000.0
jaune,jaune,jaune,or,440000.0
jaune,jaune,jaune,argent,440000.0
jaune,jaune,vert,or,4400000.0
jaune,jaune,vert,argent,4400000.0
jaune,jaune,bleu,or,44000000.0
jaune,jaune,bleu,argent,44000000.0
jaune,jaune,violet,or,440000000.0
jaune,jaune,violet,argent,440000000.0
jaune,jaune,or,or,4.4
jaune,jaune,or,argent,4.4
jaune,jaune,argent,or,0.44
jaune,jaune,argent,argent,0.44
jaune,vert,noir,or,45.0
jaune,vert,noir,argent,45.0
jaune,vert,marron,or,450.0
jaune,vert,marron,argent,450.0
jaune,vert,rouge,or,4500.0
jaune,vert,rouge,argent,4500.0
jaune,vert,orange,or,45000.0
jaune,vert,orange,argent,45000.0
jaune,vert,jaune,or,450000.0
jaune,vert,jaune,argent,450000.0
jaune,vert,vert,or,4500000.0
jaune,vert,vert,argent,4500000.0
jaune,vert,bleu,or,45000000.0
jaune,vert,bleu,argent,45000000.0
jaune,vert,violet,or,450000000.0
jaune,vert,violet,argent,450000000.0
jaune,vert,or,or,4.5
jaune,vert,or,argent,4.5
jaune,vert,argent,or,0.45
jaune,vert,argent,argent,0.45
jaune,bleu,noir,or,46.0
jaune,bleu,noir,argent,46.0
jaune,bleu,marron,or,460.0
jaune,bleu,marron,argent,460.0
jaune,bleu,rouge,or,4600.0
jaune,bleu,rouge,argent,4600.0
jaune,bleu,orange,or,46000.0
jaune,bleu,orange,argent,46000.0
jaune,bleu,jaune,or,460000.0
jaune,bleu,jaune,argent,460000.0
jaune,bleu,vert,or,4600000.0
jaune,bleu,vert,argent,4600000.0
jaune,bleu,bleu,or,46000000.0
jaune,bleu,bleu,argent,46000000.0
jaune,bleu,violet,or,460000000.0
jaune,bleu,violet,argent,460000000.0
jaune,bleu,or,or,4.6000000000000005
jaune,bleu,or,argent,4.6000000000000005
jaune,bleu,argent,or,0.46
jaune,bleu,argent,argent,0.46
jaune,violet,noir,or,47.0
jaune,violet,noir,argent,47.0
jaune,violet,marron,or,470.0
jaune,violet,marron,argent,470.0
jaune,violet,rouge,or,4700.0
jaune,violet,rouge,argent,4700.0
jaune,violet,orange,or,47000.0
jaune,violet,orange,argent,47000.0
jaune,violet,jaune,or,470000.0
jaune,violet,jaune,argent,470000.0
jaune,violet,vert,or,4700000.0
jaune,violet,vert,argent,4700000.0
jaune,violet,bleu,or,47000000.0
jaune,violet,bleu,argent,47000000.0
jaune,violet,violet,or,470000000.0
jaune,violet,violet,argent,470000000.0
jaune,violet,or,or,4.7
jaune,violet,or,argent,4.7
jaune,violet,argent,or,0.47000000000000003
jaune,violet,argent,argent,0.47000000000000003
jaune,gris,noir,or,48.0
jaune,gris,noir,argent,48.0
jaune,gris,marron,or,480.0
jaune,gris,marron,argent,480.0
jaune,gris,rouge,or,4800.0
jaune,gris,rouge,argent,4800.0
jaune,gris,orange,or,48000.0
jaune,gris,orange,argent,48000.0
jaune,gris,jaune,or,480000.0
jaune,gris,jaune,argent,480000.0
jaune,gris,vert,or,4800000.0
jaune,gris,vert,argent,4800000.0
jaune,gris,bleu,or,48000000.0
jaune,gris,bleu,argent,48000000.0
jaune,gris,violet,or,480000000.0
jaune,gris,violet,argent,480000000.0
jaune,gris,or,or,4.800000000000001
jaune,gris,or,argent,4.800000000000001
jaune,gris,argent,or,0.48
jaune,gris,argent,argent,0.48
jaune,blanc,noir,or,49.0
jaune,blanc,noir,argent,49.0
jaune,blanc,marron,or,490.0
jaune,blanc,marron,argent,490.0
jaune,blanc,rouge,or,4900.0
jaune,blanc,rouge,argent,4900.0
jaune,blanc,orange,or,49000.0
jaune,blanc,orange,argent,49000.0
jaune,blanc,jaune,or,490000.0
jaune,blanc,jaune,argent,490000.0
jaune,blanc,vert,or,4900000.0
jaune,blanc,vert,argent,4900000.0
jaune,blanc,bleu,or,49000000.0
jaune,blanc,bleu,argent,49000000.0
jaune,blanc,violet,or,490000000.0
jaune,blanc,violet,argent,490000000.0
jaune,blanc,or,or,4.9
jaune,blanc,or,argent,4.9
jaune,blanc,argent,or,0.49
jaune,blanc,argent,argent,0.49
vert,noir,noir,or,50.0
vert,noir,noir,argent,50.0
vert,noir,marron,or,500.0
vert,noir,marron,argent,500.0
vert,noir,rouge,or,5000.0
vert,noir,rouge,argent,5000.0
vert,noir,orange,or,50000.0
vert,noir,orange,argent,50000.0
vert,noir,jaune,or,500000.0
vert,noir,jaune,argent,500000.0
vert,noir,vert,or,5000000.0
vert,noir,vert,argent,5000000.0
vert,noir,bleu,or,50000000.0
vert,noir,bleu,argent,50000000.0
vert,noir,violet,or,500000000.0
vert,noir,violet,argent,500000000.0
vert,noir,or,or,5.0
vert,noir,or,argent,5.0
vert,noir,argent,or,0.5
vert,noir,argent,argent,0.5
vert,marron,noir,or,51.0
vert,marron,noir,argent,51.0
vert,marron,marron,or,510.0
vert,marron,marron,argent,510.0
vert,marron,rouge,or,5100.0
vert,marron,rouge,argent,5100.0
vert,marron,orange,or,51000.0
vert,marron,orange,argent,51000.0
vert,marron,jaune,or,510000.0
vert,marron,jaune,argent,510000.0
vert,marron,vert,or,5100000.0
vert,marron,vert,argent,5100000.0
vert,marron,bleu,or,51000000.0
vert,marron,bleu,argent,51000000.0
vert,marron,violet,or,510000000.0
vert,marron,violet,argent,510000000.0
vert,marron,or,or,5.1000000000000005
vert,marron,or,argent,5.1000000000000005
vert,marron,argent,or,0.51
vert,marron,argent,argent,0.51
vert,rouge,noir,or,52.0
vert,rouge,noir,argent,52.0
vert,rouge,marron,or,520.0
vert,rouge,marron,argent,520.0
vert,rouge,rouge,or,5200.0
vert,rouge,rouge,argent,5200.0
vert,rouge,orange,or,52000.0
vert,rouge,orange,argent,52000.0
vert,rouge,jaune,or,520000.0
vert,rouge,jaune,argent,520000.0
vert,rouge,vert,or,5200000.0
vert,rouge,vert,argent,5200000.0
vert,rouge,bleu,or,52000000.0
vert,rouge,bleu,argent,52000000.0
vert,rouge,violet,or,520000000.0
vert,rouge,violet,argent,520000000.0
vert,rouge,or,or,5.2
vert,rouge,or,argent,5.2
vert,rouge,argent,or,0.52
vert,rouge,argent,argent,0.52
vert,orange,noir,or,53.0
vert,orange,noir,argent,53.0
vert,orange,marron,or,530.0
vert,orange,marron,argent,530.0
vert,orange,rouge,or,5300.0
vert,orange,rouge,argent,5300.0
vert,orange,orange,or,53000.0
vert,orange,orange,argent,53000.0
vert,orange,jaune,or,530000.0
vert,orange,jaune,argent,530000.0
vert,orange,vert,or,5300000.0
vert,orange,vert,argent,5300000.0
vert,orange,bleu,or,53000000.0
vert,orange,bleu,argent,53000000.0
vert,orange,violet,or,530000000.0
vert,orange,violet,argent,530000000.0
vert,orange,or,or,5.300000000000001
vert,orange,or,argent,5.300000000000001
vert,orange,argent,or,0.53
vert,orange,argent,argent,0.53
vert,jaune,noir,or,54.0
vert,jaune,noir,argent,54.0
vert,jaune,marron,or,540.0
vert,jaune,marron,argent,540.0
vert,jaune,rouge,or,5400.0
vert,jaune,rouge,argent,5400.0
vert,jaune,orange,or,54000.0
vert,jaune,orange,argent,54000.0
vert,jaune,jaune,or,540000.0
vert,jaune,jaune,argent,540000.0
vert,jaune,vert,or,5400000.0
vert,jaune,vert,argent,5400000.0
vert,jaune,bleu,or,54000000.0
vert,jaune,bleu,argent,54000000.0
vert,jaune,violet,or,540000000.0
vert,jaune,violet,argent,540000000.0
vert,jaune,or,or,5.4
vert,jaune,or,argent,5.4
vert,jaune,argent,or,0.54
vert,jaune,argent,argent,0.54
vert,vert,noir,or,55.0
vert,vert,noir,argent,55.0
vert,vert,marron,or,550.0
vert,vert,marron,argent,550.0
vert,vert,rouge,or,5500.0
vert,vert,rouge,argent,5500.0
vert,vert,orange,or,55000.0
vert,vert,orange,argent,55000.0
vert,vert,jaune,or,550000.0
vert,vert,jaune,argent,550000.0
vert,vert,vert,or,5500000.0
vert,vert,vert,argent,5500000.0
vert,vert,bleu,or,55000000.0
vert,vert,bleu,argent,55000000.0
vert,vert,violet,or,550000000.0
vert,vert,violet,argent,550000000.0
vert,vert,or,or,5.5
vert,vert,or,argent,5.5
vert,vert,argent,or,0.55
vert,vert,argent,argent,0.55
vert,bleu,noir,or,56.0
vert,bleu,noir,argent,56.0
vert,bleu,marron,or,560.0
vert,bleu,marron,argent,560.0
vert,bleu,rouge,or,5600.0
vert,bleu,rouge,argent,5600.0
vert,bleu,orange,or,56000.0
vert,bleu,orange,argent,56000.0
vert,bleu,jaune,or,560000.0
vert,bleu,jaune,argent,560000.0
vert,bleu,vert,or,5600000.0
vert,bleu,vert,argent,5600000.0
vert,bleu,bleu,or,56000000.0
vert,bleu,bleu,argent,56000000.0
vert,bleu,violet,or,560000000.0
vert,bleu,violet,argent,560000000.0
vert,bleu,or,or,5.6000000000000005
vert,bleu,or,argent,5.6000000000000005
vert,bleu,argent,or,0.56
vert,bleu,argent,argent,0.56
vert,violet,noir,or,57.0
vert,violet,noir,argent,57.0
vert,violet,marron,or,570.0
vert,violet,marron,argent,570.0
vert,violet,rouge,or,5700.0
vert,violet,rouge,argent,5700.0
vert,violet,orange,or,57000.0
vert,violet,orange,argent,57000.0
vert,violet,jaune,or,570000.0
vert,violet,jaune,argent,570000.0
vert,violet,vert,or,5700000.0
vert,violet,vert,argent,5700000.0
vert,violet,bleu,or,57000000.0
vert,violet,bleu,argent,57000000.0
vert,violet,violet,or,570000000.0
vert,violet,violet,argent,570000000.0
vert,violet,or,or,5.7
vert,violet,or,argent,5.7
vert,violet,argent,or,0.5700000000000001
vert,violet,argent,argent,0.5700000000000001
vert,gris,noir,or,58.0
vert,gris,noir,argent,58.0
vert,gris,marron,or,580.0
vert,gris,marron,argent,580.0
vert,gris,rouge,or,5800.0
vert,gris,rouge,argent,5800.0
vert,gris,orange,or,58000.0
vert,gris,orange,argent,58000.0
vert,gris,jaune,or,580000.0
vert,gris,jaune,argent,580000.0
vert,gris,vert,or,5800000.0
vert,gris,vert,argent,5800000.0
vert,gris,bleu,or,58000000.0
vert,gris,bleu,argent,58000000.0
vert,gris,violet,or,580000000.0
vert,gris,violet,argent,580000000.0
vert,gris,or,or,5.800000000000001
vert,gris,or,argent,5.800000000000001
vert,gris,argent,or,0.58
vert,gris,argent,argent,0.58
vert,blanc,noir,or,59.0
vert,blanc,noir,argent,59.0
vert,blanc,marron,or,590.0
vert,blanc,marron,argent,590.0
vert,blanc,rouge,or,5900.0
vert,blanc,rouge,argent,5900.0
vert,blanc,orange,or,59000.0
vert,blanc,orange,argent,59000.0
vert,blanc,jaune,or,590000.0
vert,blanc,jaune,argent,590000.0
vert,blanc,vert,or,5900000.0
vert,blanc,vert,argent,5900000.0
vert,blanc,bleu,or,59000000.0
vert,blanc,bleu,argent,59000000.0
vert,blanc,violet,or,590000000.0
vert,blanc,violet,argent,590000000.0
vert,blanc,or,or,5.9
vert,blanc,or,argent,5.9
vert,blanc,argent,or,0.59
vert,blanc,argent,argent,0.59
bleu,noir,noir,or,60.0
bleu,noir,noir,argent,60.0
bleu,noir,marron,or,600.0
bleu,noir,marron,argent,600.0
bleu,noir,rouge,or,6000.0
bleu,noir,rouge,argent,6000.0
bleu,noir,orange,or,60000.0
bleu,noir,orange,argent,60000.0
bleu,noir,jaune,or,600000.0
bleu,noir,jaune,argent,600000.0
bleu,noir,vert,or,6000000.0
bleu,noir,vert,argent,6000000.0
bleu,noir,bleu,or,60000000.0
bleu,noir,bleu,argent,60000000.0
bleu,noir,violet,or,600000000.0
bleu,noir,violet,argent,600000000.0
bleu,noir,or,or,6.0
bleu,noir,or,argent,6.0
bleu,noir,argent,or,0.6
bleu,noir,argent,argent,0.6
bleu,marron,noir,or,61.0
bleu,marron,noir,argent,61.0
bleu,marron,marron,or,610.0
bleu,marron,marron,argent,610.0
bleu,marron,rouge,or,6100.0
bleu,marron,rouge,argent,6100.0
bleu,marron,orange,or,61000.0
bleu,marron,orange,argent,61000.0
bleu,marron,jaune,or,610000.0
bleu,marron,jaune,argent,610000.0
bleu,marron,vert,or,6100000.0
bleu,marron,vert,argent,6100000.0
bleu,marron,bleu,or,61000000.0
bleu,marron,bleu,argent,61000000.0
bleu,marron,violet,or,610000000.0
bleu,marron,violet,argent,610000000.0
bleu,marron,or,or,6.1000000000000005
bleu,marron,or,argent,6.1000000000000005
bleu,marron,argent,or,0.61
bleu,marron,argent,argent,0.61
bleu,rouge,noir,or,62.0
bleu,rouge,noir,argent,62.0
bleu,rouge,marron,or,620.0
bleu,rouge,marron,argent,620.0
bleu,rouge,rouge,or,6200.0
bleu,rouge,rouge,argent,6200.0
bleu,rouge,orange,or,62000.0
bleu,rouge,orange,argent,62000.0
bleu,rouge,jaune,or,620000.0
bleu,rouge,jaune,argent,620000.0
bleu,rouge,vert,or,6200000.0
bleu,rouge,vert,argent,6200000.0
bleu,rouge,bleu,or,62000000.0
bleu,rouge,bleu,argent,62000000.0
bleu,rouge,violet,or,620000000.0
bleu,rouge,violet,argent,620000000.0
bleu,rouge,or,or,6.2
bleu,rouge,or,argent,6.2
bleu,rouge,argent,or,0.62
bleu,rouge,argent,argent,0.62
bleu,orange,noir,or,63.0
bleu,orange,noir,argent,63.0
bleu,orange,marron,or,630.0
bleu,orange,marron,argent,630.0
bleu,orange,rouge,or,6300.0
bleu,orange,rouge,argent,6300.0
bleu,orange,orange,or,63000.0
bleu,orange,orange,argent,63000.0
bleu,orange,jaune,or,630000.0
bleu,orange,jaune,argent,630000.0
bleu,orange,vert,or,6300000.0
bleu,orange,vert,argent,6300000.0
bleu,orange,bleu,or,63000000.0
bleu,orange,bleu,argent,63000000.0
bleu,orange,violet,or,630000000.0
bleu,orange,violet,argent,630000000.0
bleu,orange,or,or,6.300000000000001
bleu,orange,or,argent,6.300000000000001
bleu,orange,argent,or,0.63
bleu,orange,argent,argent,0.63
bleu,jaune,noir,or,64.0
bleu,jaune,noir,argent,64.0
bleu,jaune,marron,or,640.0
bleu,jaune,marron,argent,640.0
bleu,jaune,rouge,or,6400.0
bleu,jaune,rouge,argent,6400.0
bleu,jaune,orange,or,64000.0
bleu,jaune,orange,argent,64000.0
bleu,jaune,jaune,or,640000.0
bleu,jaune,jaune,argent,640000.0
bleu,jaune,vert,or,6400000.0
bleu,jaune,vert,argent,6400000.0
bleu,jaune,bleu,or,64000000.0
bleu,jaune,bleu,argent,64000000.0
bleu,jaune,violet,or,640000000.0
bleu,jaune,violet,argent,640000000.0
bleu,jaune,or,or,6.4
bleu,jaune,or,argent,6.4
bleu,jaune,argent,or,0.64
bleu,jaune,argent,argent,0.64
bleu,vert,noir,or,65.0
bleu,vert,noir,argent,65.0
bleu,vert,marron,or,650.0
bleu,vert,marron,argent,650.0
bleu,vert,rouge,or,6500.0
bleu,vert,rouge,argent,6500.0
bleu,vert,orange,or,65000.0
bleu,vert,orange,argent,65000.0
bleu,vert,jaune,or,650000.0
bleu,vert,jaune,argent,650000.0
bleu,vert,vert,or,6500000.0
bleu,vert,vert,argent,6500000.0
bleu,vert,bleu,or,65000000.0
bleu,vert,bleu,argent,65000000.0
bleu,vert,violet,or,650000000.0
bleu,vert,violet,argent,650000000.0
bleu,vert,or,or,6.5
bleu,vert,or,argent,6.5
bleu,vert,argent,or,0.65
bleu,vert,argent,argent,0.65
bleu,bleu,noir,or,66.0
bleu,bleu,noir,argent,66.0
bleu,bleu,marron,or,660.0
bleu,bleu,marron,argent,660.0
bleu,bleu,rouge,or,6600.0
bleu,bleu,rouge,argent,6600.0
bleu,bleu,orange,or,66000.0
bleu,bleu,orange,argent,66000.0
bleu,bleu,jaune,or,660000.0
bleu,bleu,jaune,argent,660000.0
bleu,bleu,vert,or,6600000.0
bleu,bleu,vert,argent,6600000.0
bleu,bleu,bleu,or,66000000.0
bleu,bleu,bleu,argent,66000000.0
bleu,bleu,violet,or,660000000.0
bleu,bleu,violet,argent,660000000.0
bleu,bleu,or,or,6.6000000000000005
bleu,bleu,or,argent,6.6000000000000005
bleu,bleu,argent,or,0.66
bleu,bleu,argent,argent,0.66
bleu,violet,noir,or,67.0
bleu,violet,noir,argent,67.0
bleu,violet,marron,or,670.0
bleu,violet,marron,argent,670.0
bleu,violet,rouge,or,6700.0
bleu,violet,rouge,argent,6700.0
bleu,violet,orange,or,67000.0
bleu,violet,orange,argent,67000.0
bleu,violet,jaune,or,670000.0
bleu,violet,jaune,argent,670000.0
bleu,violet,vert,or,6700000.0
bleu,violet,vert,argent,6700000.0
bleu,violet,bleu,or,67000000.0
bleu,violet,bleu,argent,67000000.0
bleu,violet,violet,or,670000000.0
bleu,violet,violet,argent,670000000.0
bleu,violet,or,or,6.7
bleu,violet,or,argent,6.7
bleu,violet,argent,or,0.67
bleu,violet,argent,argent,0.67
bleu,gris,noir,or,68.0
bleu,gris,noir,argent,68.0
bleu,gris,marron,or,680.0
bleu,gris,marron,argent,680.0
bleu,gris,rouge,or,6800.0
bleu,gris,rouge,argent,6800.0
bleu,gris,orange,or,68000.0
bleu,gris,orange,argent,68000.0
bleu,gris,jaune,or,680000.0
bleu,gris,jaune,argent,680000.0
bleu,gris,vert,or,6800000.0
bleu,gris,vert,argent,6800000.0
bleu,gris,bleu,or,68000000.0
bleu,gris,bleu,argent,68000000.0
bleu,gris,violet,or,680000000.0
bleu,gris,violet,argent,680000000.0
bleu,gris,or,or,6.800000000000001
bleu,gris,or,argent,6.800000000000001
bleu,gris,argent,or,0.68
bleu,gris,argent,argent,0.68
bleu,blanc,noir,or,69.0
bleu,blanc,noir,argent,69.0
bleu,blanc,marron,or,690.0
bleu,blanc,marron,argent,690.0
bleu,blanc,rouge,or,6900.0
bleu,blanc,rouge,argent,6900.0
bleu,blanc,orange,or,69000.0
bleu,blanc,orange,argent,69000.0
bleu,blanc,jaune,or,690000.0
bleu,blanc,jaune,argent,690000.0
bleu,blanc,vert,or,6900000.0
bleu,blanc,vert,argent,6900000.0
bleu,blanc,bleu,or,69000000.0
bleu,blanc,bleu,argent,69000000.0
bleu,blanc,violet,or,690000000.0
bleu,blanc,violet,argent,690000000.0
bleu,blanc,or,or,6.9
bleu,blanc,or,argent,6.9
bleu,blanc,argent,or,0.6900000000000001
bleu,blanc,argent,argent,0.6900000000000001
violet,noir,noir,or,70.0
violet,noir,noir,argent,70.0
violet,noir,marron,or,700.0
violet,noir,marron,argent,700.0
violet,noir,rouge,or,7000.0
violet,noir,rouge,argent,7000.0
violet,noir,orange,or,70000.0
violet,noir,orange,argent,70000.0
violet,noir,jaune,or,700000.0
violet,noir,jaune,argent,700000.0
violet,noir,vert,or,7000000.0
violet,noir,vert,argent,7000000.0
violet,noir,bleu,or,70000000.0
violet,noir,bleu,argent,70000000.0
violet,noir,violet,or,700000000.0
violet,noir,violet,argent,700000000.0
violet,noir,or,or,7.0
violet,noir,or,argent,7.0
violet,noir,argent,or,0.7000000000000001
violet,noir,argent,argent,0.7000000000000001
violet,marron,noir,or,71.0
violet,marron,noir,argent,71.0
violet,marron,marron,or,710.0
violet,marron,marron,argent,710.0
violet,marron,rouge,or,7100.0
violet,marron,rouge,argent,7100.0
violet,marron,orange,or,71000.0
violet,marron,orange,argent,71000.0
violet,marron,jaune,or,710000.0
violet,marron,jaune,argent,710000.0
violet,marron,vert,or,7100000.0
violet,marron,vert,argent,7100000.0
violet,marron,bleu,or,71000000.0
violet,marron,bleu,argent,71000000.0
violet,marron,violet,or,710000000.0
violet,marron,violet,argent,710000000.0
violet,marron,or,or,7.1000000000000005
violet,marron,or,argent,7.1000000000000005
violet,marron,argent,or,0.71
violet,marron,argent,argent,0.71
violet,rouge,noir,or,72.0
violet,rouge,noir,argent,72.0
violet,rouge,marron,or,720.0
violet,rouge,marron,argent,720.0
violet,rouge,rouge,or,7200.0
violet,rouge,rouge,argent,7200.0
violet,rouge,orange,or,72000.0
violet,rouge,orange,argent,72000.0
violet,rouge,jaune,or,720000.0
violet,rouge,jaune,argent,720000.0
violet,rouge,vert,or,7200000.0
violet,rouge,vert,argent,7200000.0
violet,rouge,bleu,or,72000000.0
violet,rouge,bleu,argent,72000000.0
violet,rouge,violet,or,720000000.0
violet,rouge,violet,argent,720000000.0
violet,rouge,or,or,7.2
violet,rouge,or,argent,7.2
violet,rouge,argent,or,0.72
violet,rouge,argent,argent,0.72
violet,orange,noir,or,73.0
violet,orange,noir,argent,73.0
violet,orange,marron,or,730.0
violet,orange,marron,argent,730.0
violet,orange,rouge,or,7300.0
violet,orange,rouge,argent,7300.0
violet,orange,orange,or,73000.0
violet,orange,orange,argent,73000.0
violet,orange,jaune,or,730000.0
violet,orange,jaune,argent,730000.0
violet,orange,vert,or,7300000.0
violet,orange,vert,argent,7300000.0
violet,orange,bleu,or,73000000.0
violet,orange,bleu,argent,73000000.0
violet,orange,violet,or,730000000.0
violet,orange,violet,argent,730000000.0
violet,orange,or,or,7.300000000000001
violet,orange,or,argent,7.300000000000001
violet,orange,argent,or,0.73
violet,orange,argent,argent,0.73
violet,jaune,noir,or,74.0
violet,jaune,noir,argent,74.0
violet,jaune,marron,or,740.0
violet,jaune,marron,argent,740.0
violet,jaune,rouge,or,7400.0
violet,jaune,rouge,argent,7400.0
violet,jaune,orange,or,74000.0
violet,jaune,orange,argent,74000.0
violet,jaune,jaune,or,740000.0
violet,jaune,jaune,argent,740000.0
violet,jaune,vert,or,7400000.0
violet,jaune,vert,argent,7400000.0
violet,jaune,bleu,or,74000000.0
violet,jaune,bleu,argent,74000000.0
violet,jaune,violet,or,740000000.0
violet,jaune,violet,argent,740000000.0
violet,jaune,or,or,7.4
violet,jaune,or,argent,7.4
violet,jaune,argent,or,0.74
violet,jaune,argent,argent,0.74
violet,vert,noir,or,75.0
violet,vert,noir,argent,75.0
violet,vert,marron,or,750.0
violet,vert,marron,argent,750.0
violet,vert,rouge,or,7500.0
violet,vert,rouge,argent,7500.0
violet,vert,orange,or,75000.0
violet,vert,orange,argent,75000.0
violet,vert,jaune,or,750000.0
violet,vert,jaune,argent,750000.0
violet,vert,vert,or,7500000.0
violet,vert,vert,argent,7500000.0
violet,vert,bleu,or,75000000.0
violet,vert,bleu,argent,75000000.0
violet,vert,violet,or,750000000.0
violet,vert,violet,argent,750000000.0
violet,vert,or,or,7.5
violet,vert,or,argent,7.5
violet,vert,argent,or,0.75
violet,vert,argent,argent,0.75
violet,bleu,noir,or,76.0
violet,bleu,noir,argent,76.0
violet,bleu,marron,or,760.0
violet,bleu,marron,argent,760.0
violet,bleu,rouge,or,7600.0
violet,bleu,rouge,argent,7600.0
violet,bleu,orange,or,76000.0
violet,bleu,orange,argent,76000.0
violet,bleu,jaune,or,760000.0
violet,bleu,jaune,argent,760000.0
violet,bleu,vert,or,7600000.0
violet,bleu,vert,argent,7600000.0
violet,bleu,bleu,or,76000000.0
violet,bleu,bleu,argent,76000000.0
violet,bleu,violet,or,760000000.0
violet,bleu,violet,argent,760000000.0
violet,bleu,or,or,7.6000000000000005
violet,bleu,or,argent,7.6000000000000005
violet,bleu,argent,or,0.76
violet,bleu,argent,argent,0.76
violet,violet,noir,or,77.0
violet,violet,noir,argent,77.0
violet,violet,marron,or,770.0
violet,violet,marron,argent,770.0
violet,violet,rouge,or,7700.0
violet,violet,rouge,argent,7700.0
violet,violet,orange,or,77000.0
violet,violet,orange,argent,77000.0
violet,violet,jaune,or,770000.0
violet,violet,jaune,argent,770000.0
violet,violet,vert,or,7700000.0
violet,violet,vert,argent,7700000.0
violet,violet,bleu,or,77000000.0
violet,violet,bleu,argent,77000000.0
violet,violet,violet,or,770000000.0
violet,violet,violet,argent,770000000.0
violet,violet,or,or,7.7
violet,violet,or,argent,7.7
violet,violet,argent,or,0.77
violet,violet,argent,argent,0.77
violet,gris,noir,or,78.0
violet,gris,noir,argent,78.0
violet,gris,marron,or,780.0
violet,gris,marron,argent,780.0
violet,gris,rouge,or,7800.0
violet,gris,rouge,argent,7800.0
violet,gris,orange,or,78000.0
violet,gris,orange,argent,78000.0
violet,gris,jaune,or,780000.0
violet,gris,jaune,argent,780000.0
violet,gris,vert,or,7800000.0
violet,gris,vert,argent,7800000.0
violet,gris,bleu,or,78000000.0
violet,gris,bleu,argent,78000000.0
violet,gris,violet,or,780000000.0
violet,gris,violet,argent,780000000.0
violet,gris,or,or,7.800000000000001
violet,gris,or,argent,7.800000000000001
violet,gris,argent,or,0.78
violet,gris,argent,argent,0.78
violet,blanc,noir,or,79.0
violet,blanc,noir,argent,79.0
violet,blanc,marron,or,790.0
violet,blanc,marron,argent,790.0
violet,blanc,rouge,or,7900.0
violet,blanc,rouge,argent,7900.0
violet,blanc,orange,or,79000.0
violet,blanc,orange,argent,79000.0
violet,blanc,jaune,or,790000.0
violet,blanc,jaune,argent,790000.0
violet,blanc,vert,or,7900000.0
violet,blanc,vert,argent,7900000.0
violet,blanc,bleu,or,79000000.0
violet,blanc,bleu,argent,79000000.0
violet,blanc,violet,or,790000000.0
violet,blanc,violet,argent,790000000.0
violet,blanc,or,or,7.9
violet,blanc,or,argent,7.9
violet,blanc,argent,or,0.79
violet,blanc,argent,argent,0.79
gris,noir,noir,or,80.0
gris,noir,noir,argent,80.0
gris,noir,marron,or,800.0
gris,noir,marron,argent,800.0
gris,noir,rouge,or,8000.0
gris,noir,rouge,argent,8000.0
gris,noir,orange,or,80000.0
gris,noir,orange,argent,80000.0
gris,noir,jaune,or,800000.0
gris,noir,jaune,argent,800000.0
gris,noir,vert,or,8000000.0
gris,noir,vert,argent,8000000.0
gris,noir,bleu,or,80000000.0
gris,noir,bleu,argent,80000000.0
gris,noir,violet,or,800000000.0
gris,noir,violet,argent,800000000.0
gris,noir,or,or,8.0
gris,noir,or,argent,8.0
gris,noir,argent,or,0.8
gris,noir,argent,argent,0.8
gris,marron,noir,or,81.0
gris,marron,noir,argent,81.0
gris,marron,marron,or,810.0
gris,marron,marron,argent,810.0
gris,marron,rouge,or,8100.0
gris,marron,rouge,argent,8100.0
gris,marron,orange,or,81000.0
gris,marron,orange,argent,81000.0
gris,marron,jaune,or,810000.0
gris,marron,jaune,argent,810000.0
gris,marron,vert,or,8100000.0
gris,marron,vert,argent,8100000.0
gris,marron,bleu,or,81000000.0
gris,marron,bleu,argent,81000000.0
gris,marron,violet,or,810000000.0
gris,marron,violet,argent,810000000.0
gris,marron,or,or,8.1
gris,marron,or,argent,8.1
gris,marron,argent,or,0.81
gris,marron,argent,argent,0.81
gris,rouge,noir,or,82.0
gris,rouge,noir,argent,82.0
gris,rouge,marron,or,820.0
gris,rouge,marron,argent,820.0
gris,rouge,rouge,or,8200.0
gris,rouge,rouge,argent,8200.0
gris,rouge,orange,or,82000.0
gris,rouge,orange,argent,82000.0
gris,rouge,jaune,or,820000.0
gris,rouge,jaune,argent,820000.0
gris,rouge,vert,or,8200000.0
gris,rouge,vert,argent,8200000.0
gris,rouge,bleu,or,82000000.0
gris,rouge,bleu,argent,82000000.0
gris,rouge,violet,or,820000000.0
gris,rouge,violet,argent,820000000.0
gris,rouge,or,or,8.200000000000001
gris,rouge,or,argent,8.200000000000001
gris,rouge,argent,or,0.8200000000000001
gris,rouge,argent,argent,0.8200000000000001
gris,orange,noir,or,83.0
gris,orange,noir,argent,83.0
gris,orange,marron,or,830.0
gris,orange,marron,argent,830.0
gris,orange,rouge,or,8300.0
gris,orange,rouge,argent,8300.0
gris,orange,orange,or,83000.0
gris,orange,orange,argent,83000.0
gris,orange,jaune,or,830000.0
gris,orange,jaune,argent,830000.0
gris,orange,vert,or,8300000.0
gris,orange,vert,argent,8300000.0
gris,orange,bleu,or,83000000.0
gris,orange,bleu,argent,83000000.0
gris,orange,violet,or,830000000.0
gris,orange,violet,argent,830000000.0
gris,orange,or,or,8.3
gris,orange,or,argent,8.3
gris,orange,argent,or,0.8300000000000001
gris,orange,argent,argent,0.8300000000000001
gris,jaune,noir,or,84.0
gris,jaune,noir,argent,84.0
gris,jaune,marron,or,840.0
gris,jaune,marron,argent,840.0
gris,jaune,rouge,or,8400.0
gris,jaune,rouge,argent,8400.0
gris,jaune,orange,or,84000.0
gris,jaune,orange,argent,84000.0
gris,jaune,jaune,or,840000.0
gris,jaune,jaune,argent,840000.0
gris,jaune,vert,or,8400000.0
gris,jaune,vert,argent,8400000.0
gris,jaune,bleu,or,84000000.0
gris,jaune,bleu,argent,84000000.0
gris,jaune,violet,or,840000000.0
gris,jaune,violet,argent,840000000.0
gris,jaune,or,or,8.4
gris,jaune,or,argent,8.4
gris,jaune,argent,or,0.84
gris,jaune,argent,argent,0.84
gris,vert,noir,or,85.0
gris,vert,noir,argent,85.0
gris,vert,marron,or,850.0
gris,vert,marron,argent,850.0
gris,vert,rouge,or,8500.0
gris,vert,rouge,argent,8500.0
gris,vert,orange,or,85000.0
gris,vert,orange,argent,85000.0
gris,vert,jaune,or,850000.0
gris,vert,jaune,argent,850000.0
gris,vert,vert,or,8500000.0
gris,vert,vert,argent,8500000.0
gris,vert,bleu,or,85000000.0
gris,vert,bleu,argent,85000000.0
gris,vert,violet,or,850000000.0
gris,vert,violet,argent,850000000.0
gris,vert,or,or,8.5
gris,vert,or,argent,8.5
gris,vert,argent,or,0.85
gris,vert,argent,argent,0.85
gris,bleu,noir,or,86.0
gris,bleu,noir,argent,86.0
gris,bleu,marron,or,860.0
gris,bleu,marron,argent,860.0
gris,bleu,rouge,or,8600.0
gris,bleu,rouge,argent,8600.0
gris,bleu,orange,or,86000.0
gris,bleu,orange,argent,86000.0
gris,bleu,jaune,or,860000.0
gris,bleu,jaune,argent,860000.0
gris,bleu,vert,or,8600000.0
gris,bleu,vert,argent,8600000.0
gris,bleu,bleu,or,86000000.0
gris,bleu,bleu,argent,86000000.0
gris,bleu,violet,or,860000000.0
gris,bleu,violet,argent,860000000.0
gris,bleu,or,or,8.6
gris,bleu,or,argent,8.6
gris,bleu,argent,or,0.86
gris,bleu,argent,argent,0.86
gris,violet,noir,or,87.0
gris,violet,noir,argent,87.0
gris,violet,marron,or,870.0
gris,violet,marron,argent,870.0
gris,violet,rouge,or,8700.0
gris,violet,rouge,argent,8700.0
gris,violet,orange,or,87000.0
gris,violet,orange,argent,87000.0
gris,violet,jaune,or,870000.0
gris,violet,jaune,argent,870000.0
gris,violet,vert,or,8700000.0
gris,violet,vert,argent,8700000.0
gris,violet,bleu,or,87000000.0
gris,violet,bleu,argent,87000000.0
gris,violet,violet,or,870000000.0
gris,violet,violet,argent,870000000.0
gris,violet,or,or,8.700000000000001
gris,violet,or,argent,8.700000000000001
gris,violet,argent,or,0.87
gris,violet,argent,argent,0.87
gris,gris,noir,or,88.0
gris,gris,noir,argent,88.0
gris,gris,marron,or,880.0
gris,gris,marron,argent,880.0
gris,gris,rouge,or,8800.0
gris,gris,rouge,argent,8800.0
gris,gris,orange,or,88000.0
gris,gris,orange,argent,88000.0
gris,gris,jaune,or,880000.0
gris,gris,jaune,argent,880000.0
gris,gris,vert,or,8800000.0
gris,gris,vert,argent,8800000.0
gris,gris,bleu,or,88000000.0
gris,gris,bleu,argent,88000000.0
gris,gris,violet,or,880000000.0
gris,gris,violet,argent,880000000.0
gris,gris,or,or,8.8
gris,gris,or,argent,8.8
gris,gris,argent,or,0.88
gris,gris,argent,argent,0.88
gris,blanc,noir,or,89.0
gris,blanc,noir,argent,89.0
gris,blanc,marron,or,890.0
gris,blanc,marron,argent,890.0
gris,blanc,rouge,or,8900.0
gris,blanc,rouge,argent,8900.0
gris,blanc,orange,or,89000.0
gris,blanc,orange,argent,89000.0
gris,blanc,jaune,or,890000.0
gris,blanc,jaune,argent,890000.0
gris,blanc,vert,or,8900000.0
gris,blanc,vert,argent,8900000.0
gris,blanc,bleu,or,89000000.0
gris,blanc,bleu,argent,89000000.0
gris,blanc,violet,or,890000000.0
gris,blanc,violet,argent,890000000.0
gris,blanc,or,or,8.9
gris,blanc,or,argent,8.9
gris,blanc,argent,or,0.89
gris,blanc,argent,argent,0.89
blanc,noir,noir,or,90.0
blanc,noir,noir,argent,90.0
blanc,noir,marron,or,900.0
blanc,noir,marron,argent,900.0
blanc,noir,rouge,or,9000.0
blanc,noir,rouge,argent,9000.0
blanc,noir,orange,or,90000.0
blanc,noir,orange,argent,90000.0
blanc,noir,jaune,or,900000.0
blanc,noir,jaune,argent,900000.0
blanc,noir,vert,or,9000000.0
blanc,noir,vert,argent,9000000.0
blanc,noir,bleu,or,90000000.0
blanc,noir,bleu,argent,90000000.0
blanc,noir,violet,or,900000000.0
blanc,noir,violet,argent,900000000.0
blanc,noir,or,or,9.0
blanc,noir,or,argent,9.0
blanc,noir,argent,or,0.9
blanc,noir,argent,argent,0.9
blanc,marron,noir,or,91.0
blanc,marron,noir,argent,91.0
blanc,marron,marron,or,910.0
blanc,marron,marron,argent,910.0
blanc,marron,rouge,or,9100.0
blanc,marron,rouge,argent,9100.0
blanc,marron,orange,or,91000.0
blanc,marron,orange,argent,91000.0
blanc,marron,jaune,or,910000.0
blanc,marron,jaune,argent,910000.0
blanc,marron,vert,or,9100000.0
blanc,marron,vert,argent,9100000.0
blanc,marron,bleu,or,91000000.0
blanc,marron,bleu,argent,91000000.0
blanc,marron,violet,or,910000000.0
blanc,marron,violet,argent,910000000.0
blanc,marron,or,or,9.1
blanc,marron,or,argent,9.1
blanc,marron,argent,or,0.91
blanc,marron,argent,argent,0.91
blanc,rouge,noir,or,92.0
blanc,rouge,noir,argent,92.0
blanc,rouge,marron,or,920.0
blanc,rouge,marron,argent,920.0
blanc,rouge,rouge,or,9200.0
blanc,rouge,rouge,argent,9200.0
blanc,rouge,orange,or,92000.0
blanc,rouge,orange,argent,92000.0
blanc,rouge,jaune,or,920000.0
blanc,rouge,jaune,argent,920000.0
blanc,rouge,vert,or,9200000.0
blanc,rouge,vert,argent,9200000.0
blanc,rouge,bleu,or,92000000.0
blanc,rouge,bleu,argent,92000000.0
blanc,rouge,violet,or,920000000.0
blanc,rouge,violet,argent,920000000.0
blanc,rouge,or,or,9.200000000000001
blanc,rouge,or,argent,9.200000000000001
blanc,rouge,argent,or,0.92
blanc,rouge,argent,argent,0.92
blanc,orange,noir,or,93.0
blanc,orange,noir,argent,93.0
blanc,orange,marron,or,930.0
blanc,orange,marron,argent,930.0
blanc,orange,rouge,or,9300.0
blanc,orange,rouge,argent,9300.0
blanc,orange,orange,or,93000.0
blanc,orange,orange,argent,93000.0
blanc,orange,jaune,or,930000.0
blanc,orange,jaune,argent,930000.0
blanc,orange,vert,or,9300000.0
blanc,orange,vert,argent,9300000.0
blanc,orange,bleu,or,93000000.0
blanc,orange,bleu,argent,93000000.0
blanc,orange,violet,or,930000000.0
blanc,orange,violet,argent,930000000.0
blanc,orange,or,or,9.3
blanc,orange,or,argent,9.3
blanc,orange,argent,or,0.93
blanc,orange,argent,argent,0.93
blanc,jaune,noir,or,94.0
blanc,jaune,noir,argent,94.0
blanc,jaune,marron,or,940.0
blanc,jaune,marron,argent,940.0
blanc,jaune,rouge,or,9400.0
blanc,jaune,rouge,argent,9400.0
blanc,jaune,orange,or,94000.0
blanc,jaune,orange,argent,94000.0
blanc,jaune,jaune,or,940000.0
blanc,jaune,jaune,argent,940000.0
blanc,jaune,vert,or,9400000.0
blanc,jaune,vert,argent,9400000.0
blanc,jaune,bleu,or,94000000.0
blanc,jaune,bleu,argent,94000000.0
blanc,jaune,violet,or,940000000.0
blanc,jaune,violet,argent,940000000.0
blanc,jaune,or,or,9.4
blanc,jaune,or,argent,9.4
blanc,jaune,argent,or,0.9400000000000001
blanc,jaune,argent,argent,0.9400000000000001
blanc,vert,noir,or,95.0
blanc,vert,noir,argent,95.0
blanc,vert,marron,or,950.0
blanc,vert,marron,argent,950.0
blanc,vert,rouge,or,9500.0
blanc,vert,rouge,argent,9500.0
blanc,vert,orange,or,95000.0
blanc,vert,orange,argent,95000.0
blanc,vert,jaune,or,950000.0
blanc,vert,jaune,argent,950000.0
blanc,vert,vert,or,9500000.0
blanc,vert,vert,argent,9500000.0
blanc,vert,bleu,or,95000000.0
blanc,vert,bleu,argent,95000000.0
blanc,vert,violet,or,950000000.0
blanc,vert,violet,argent,950000000.0
blanc,vert,or,or,9.5
blanc,vert,or,argent,9.5
blanc,vert,argent,or,0.9500000000000001
blanc,vert,argent,argent,0.9500000000000001
blanc,bleu,noir,or,96.0
blanc,bleu,noir,argent,96.0
blanc,bleu,marron,or,960.0
blanc,bleu,marron,argent,960.0
blanc,bleu,rouge,or,9600.0
blanc,bleu,rouge,argent,9600.0
blanc,bleu,orange,or,96000.0
blanc,bleu,orange,argent,96000.0
blanc,bleu,jaune,or,960000.0
blanc,bleu,jaune,argent,960000.0
blanc,bleu,vert,or,9600000.0
blanc,bleu,vert,argent,9600000.0
blanc,bleu,bleu,or,96000000.0
blanc,bleu,bleu,argent,96000000.0
blanc,bleu,violet,or,960000000.0
blanc,bleu,violet,argent,960000000.0
blanc,bleu,or,or,9.600000000000001
blanc,bleu,or,argent,9.600000000000001
blanc,bleu,argent,or,0.96
blanc,bleu,argent,argent,0.96
blanc,violet,noir,or,97.0
blanc,violet,noir,argent,97.0
blanc,violet,marron,or,970.0
blanc,violet,marron,argent,970.0
blanc,violet,rouge,or,9700.0
blanc,violet,rouge,argent,9700.0
blanc,violet,orange,or,97000.0
blanc,violet,orange,argent,97000.0
blanc,violet,jaune,or,970000.0
blanc,violet,jaune,argent,970000.0
blanc,violet,vert,or,9700000.0
blanc,violet,vert,argent,9700000.0
blanc,violet,bleu,or,97000000.0
blanc,violet,bleu,argent,97000000.0
blanc,violet,violet,or,970000000.0
blanc,violet,violet,argent,970000000.0
blanc,violet,or,or,9.700000000000001
blanc,violet,or,argent,9.700000000000001
blanc,violet,argent,or,0.97
blanc,violet,argent,argent,0.97
blanc,gris,noir,or,98.0
blanc,gris,noir,argent,98.0
blanc,gris,marron,or,980.0
blanc,gris,marron,argent,980.0
blanc,gris,rouge,or,9800.0
blanc,gris,rouge,argent,9800.0
blanc,gris,orange,or,98000.0
blanc,gris,orange,argent,98000.0
blanc,gris,jaune,or,980000.0
blanc,gris,jaune,argent,980000.0
blanc,gris,vert,or,9800000.0
blanc,gris,vert,argent,9800000.0
blanc,gris,bleu,or,98000000.0
blanc,gris,bleu,argent,98000000.0
blanc,gris,violet,or,980000000.0
blanc,gris,violet,argent,980000000.0
blanc,gris,or,or,9.8
blanc,gris,or,argent,9.8
blanc,gris,argent,or,0.98
blanc,gris,argent,argent,0.98
blanc,blanc,noir,or,99.0
blanc,blanc,noir,argent,99.0
blanc,blanc,marron,or,990.0
blanc,blanc,marron,argent,990.0
blanc,blanc,rouge,or,9900.0
blanc,blanc,rouge,argent,9900.0
blanc,blanc,orange,or,99000.0
blanc,blanc,orange,argent,99000.0
blanc,blanc,jaune,or,990000.0
blanc,blanc,jaune,argent,990000.0
blanc,blanc,vert,or,9900000.0
blanc,blanc,vert,argent,9900000.0
blanc,blanc,bleu,or,99000000.0
blanc,blanc,bleu,argent,99000000.0
blanc,blanc,violet,or,990000000.0
blanc,blanc,violet,argent,990000000.0
blanc,blanc,or,or,9.9
blanc,blanc,or,argent,9.9
blanc,blanc,argent,or,0.99
blanc,blanc,argent,argent,0.99
